"","Behaviour_1","fix.mean","fix.med","fix.min","fix.max","hr.mean","hr.med","hr.min","hr.max","rad.mean","rad.med","rad.min","rad.max","count"
"1","Kill",22.242825607064,15,6,178,94.7252717439294,74,7.5,674,221.986754966887,222,7,523,453
"2","Revisit",13.3931623931624,10,6,72,63.7341632478632,26,7.5,480,188.811965811966,186,9,451,117
"3","Resting",13.0580912863071,9,6,115,61.6212721991701,31.9944,7.5,426,180.058091286307,173,2,479,241
"4","Scavenging",18.8712121212121,13,6,94,109.604543939394,82,7.5,450,240.666666666667,238.5,39,513,132
"5","Probable kill",12.6240601503759,10,6,73,66.0937992481203,28,7.5,436,202.187969924812,203,7,496,133
"6","Unknown",13.7878787878788,8,6,67,87.0981181818182,65.9931,7.5,450,227.166666666667,238,14,474,66
"7","Den",62.1758241758242,34,6,260,318.676281318681,278,9.9833,1345.5,253.769230769231,261,29,489,91
"8","Rendez-vous",47.28,35,6,130,254.501768,224,10,656,279.8,285,69,488,25
